EXAMES,CONTEÚDO,PRAZO,TUBO,CUIDADOS ESPECIAIS,CÓDIGO,LABORATÓRIO,,,,,
ÁCIDO ÚRICO,,1 dia util,TUBO VERMELHO OU AMARELO,,URIC,PROVET,,,,,
ÁCIDOS BILIARES TOTAIS (APÓS ALIMENTAÇÃO),,1 dia util,TUBO VERMELHO OU AMARELO (COBERTO),Coletar 2h pós-Prandial (idealmente refeições ricas em gordura). Centrifugar após formação de coagulo se não for enviado no mesmo dia.,BILIAPOS,PROVET,,,,,
ÁCIDOS BILIARES TOTAIS (JEJUM),,1 dia util,TUBO VERMELHO OU AMARELO (COBERTO),Jejum de 12h. Centrifugar após coagulação se não for enviado no mesmo dia,BILIARES,PROVET,,,,,
ACTH ENDÓGENO,HORMÔNIO ADRENOCORTICOTRÓFICO,5 dias uteis,TUBO ROXO,Coletar o sangue em EDTA.Centrifugar no máximo 20 minutos após a coleta e separar o plasma em eppendorf e congelar no método picolé.,ACTHENDO,PROVET,,,,,
ALDOSTERONA,,5 dias uteis,Coletar o sangue em frasco com gel e ativador de coágulo (tampa vermelha ou amarela),Evitar extressar o animal pois pode alterar os resultados! Jejum de 12h.,ALDO,PROVET,,,,,
ALDOSTERONA (2 DOSAGENS),,5 dias uteis,Coletar o sangue em frasco com gel e ativador de coágulo (tampa vermelha ou amarela),Idetificar horario das coletas (basal e pós ACTH). Segunda coleta 1h após aplicação.,ALDO2REC,PROVET,,,,,
ALDOSTERONA POS ACTH,,5 dias uteis,Coletar o sangue em frasco com gel e ativador de coágulo (tampa vermelha ou amarela),Idetificar horario das coletas (basal e pós ACTH). Segunda coleta 1h após aplicação.,ALDPOSRE,PROVET,,,,,
ANALISE CITOLÓGICA,,5 dias uteis,Lamina Ou Líquido em EDTA,Não esqueça o Termo de Citologia!,CITO,PROVET,,,,,
ANÁLISE CITOLÓGICA EFUSÃO,,5 dias uteis,Líquido em EDTA  + Tubo Branco,Não esqueça o Termo de Citologia!,CITOEFUS,PROVET,,,,,
ANÁLISE CITOLÓGICA LÍQUIDO ARTICULAR,,5 dias uteis,Frasco estéril (Tubo Branco) + EDTA,Coletar no máximo 24 horas antes do envio do material,CITOLIQA,PROVET,,,,,
ANÁLISE CITOLÓGICA LÍQUOR,,5 dias uteis,EDTA + Frasco estéril (+ Tubo vermelho se não for enviar no mesmo dia),"Enviar assim que coletado para o PROVET. Caso o provet não esteja funcionando, centrifugar tubo vermelho e colocar uma gota de soro dentro do tubo EDTA e identificar! Prezervar no metodo Picolé. ",CITOLIQR,PROVET,,,,,
ANÁLISE CITOLÓGICA OTOLÓGICA,,3 dias uteis,Lamina ou Líquido em EDTA (Pode ser usado Swab),Não esqueça o Termo de Citologia! Senão for processao na mesma hora fiar em àlcool 70%.,CITOTOL,PROVET,,,,,
ANÁLISE CITOLÓGICA PELE,,3 dias uteis,Lamina,Não esqueça o Termo de Citologia! Senão for processao na mesma hora fiar em àlcool 70%.,,PROVET,,,,,
ANÁLISE CITOLÓGICA VAGINAL,,3 dias uteis,Lamina,Não esqueça o Termo de Citologia!,CITOVAG,PROVET,,,,,
ANÁLISE CITOLÓGICA VAGINAL SERIADA (3 AMOSTRAS),,3 dias uteis,Lamina ou Swab estéril,Colete em dias alternados e Identifique a ordem das amostras. Não esqueça o termo de citologia.,CITOVAG3,PROVET,,,,,
ALBUMINA,,1 dia util,TUBO VERMELHO OU AMARELO,,ALB,PROVET,,,,,
ALANINA AMINOTRANSFERASE (TGP/ALT),,1 dia util,TUBO VERMELHO OU AMARELO,,TGP,PROVET,,,,,
AMILASE,,1 dia util,TUBO VERMELHO OU AMARELO,,AMIL,PROVET,,,,,
AMÔNIA BASAL,,1 dia util,TUBO ROXO,"Centrifugar o sangue colhido em EDTA no máximo 20 minutos após a coleta e separar o plasma em outro frasco.Se o envio não ocorrer nás próximas 6 horas, congelar o plasma e enviar no método picolé (amostra congelada)",NH3,PROVET,,,,,
AMÔNIA POS,,1 dia util,TUBO ROXO,"Centrifugar o sangue colhido em EDTA no máximo 20 minutos após a coleta e separar o plasma em outro frasco.Se o envio não ocorrer nás próximas 6 horas, congelar o plasma e enviar no método picolé (amostra congelada)",NH3POS,PROVET,,,,,
ASPARTATO AMINOTRANSFERASE (TRANSAMINASE GLUTÂICO OZALACÉTICA - AST (TGO),,1 dia util,TUBO VERMELHO OU AMARELO,,AST,PROVET,,,,,
BABESIA SP - PCR,,3 dias uteis,TUBO ROXO,,BABEPCR,PROVET,,,,,
BARTONELLA SP (PCR),,3 dias uteis,TUBO ROXO,,BARTOPCR,PROVET,,,,,
BILIRRUBINAS TOTAL E FRAÇÕES (D + I),,1 dia util,TUBO VERMELHO OU AMARELO (COBERTO),Tampar Tubo vermelho com Coban/Vetrap,BILIRRU,PROVET,,,,,
BRUCELLA CANIS (BRUCELOSE CANINA),IMUNOCROMATOGRAFIA,1 dia util,TUBO VERMELHO OU AMARELO,"Centrifugar e Separar soro (refrigerar se for no mesmo dia, congelar em metodo picole caso contrario)",BRUELISA,PROVET,,,,,
BRUCELLA SP (PCR),,3 dias uteis,TUBO ROXO + TUBO COM URINA,Centrifugar em 30min.,BRUCEPCR,PROVET,,,,,
CÁLCIO IONIZADO,,1 dia util,TUBO VERMELHO OU AMARELO,Coletar em anaerobiose (não abrir o frasco). Centrifugar o material a 1800 a 220 g por 10 a 15 minutos e refrigerar. Envia imediatamente! Estabilidde de 1h refrigerado.,CAI,PROVET,,,,,
CÁLCIO TOTAL,,1 dia util,TUBO VERMELHO OU AMARELO,,CA,PROVET,,,,,
"CALCITRIOL (1,25 DIHIDROXICHOLECALCIFEROL)",,30 dias uteis,TUBO VERMELHO OU AMARELO,,CALCITRI,PROVET,,,,,
CAMPYLOBACTER COLI - PCR,,3 dias uteis,TUBO ROXO,,CAMPYCOP,PROVET,,,,,
CAMPYLOBACTER JEJUNI - PCR,,3 dias uteis,TUBO ROXO,,CAMPUJEP,PROVET,,,,,
CANDIDATUS MYCOPLASMA HAEMATOPARVUM - PCR,,3 dias uteis,TUBO ROXO,,CANDCANP,PROVET,,,,,
CANDIDATUS MYCOPLASMA HAEMOMINUTUM PCR,,3 dias uteis,TUBO ROXO,,MYCHAEMP,PROVET,,,,,
CANDIDATUS MYCOPLASMA TURICENSIS - PCR,,3 dias uteis,TUBO ROXO,,MYCOTURP,PROVET,,,,,
CINOMOSE (PCR) - REAL TIME,,3 dias uteis,TUBO ROXO + SWAB CONJUNTIVA + URINA,,CINOPCR,PROVET,,,,,
CINOMOSE CANINA + EHRLICHIA CANIS - PCR,,3 dias uteis,TUBO ROXO + SWAB CONJUNTIVA + URINA,,CINOEHRL,PROVET,,,,,
CLORETOS,,1 dia util,TUBO VERMELHO OU AMARELO,,CL,PROVET,,,,,
COLESTEROL,,1 dia util,TUBO VERMELHO OU AMARELO,,COL,PROVET,,,,,
CORTISOL,,5 dias uteis,TUBO VERMELHO OU AMARELO,Não estressar o animal,CORT,PROVET,,,,,
CORTISOL PÓS ACTH,,5 dias uteis,TUBO VERMELHO OU AMARELO,"Não estressar o animal. 1° Coleta Basal; 2° Coleta 1h após ACTH. Identificar as coletas. Centrifugar, separar o soro e refrigerar (congelar se não for analisado em 48h). Dose: Cães  5ug/kg. (ou 250ug/animal)  Gatos 125ug/animal (IM)",ACTHPOS,PROVET,,,,,
CORTISOL PÓS DEXAMETASONA,,5 dias uteis,TUBO VERMELHO OU AMARELO,"1° Coleta Basal; 2° Coleta Após 4h; 3° Coleta após 8h. Identificar as coletas. Centrifugar, separar o soro e refrigerar (congelar se não for analisado em 48h). Dose:  0,1mg/kg.",POSDEXA,PROVET,,,,,
CREATININA,,1 dia util,TUBO VERMELHO OU AMARELO,,CREAT,PROVET,,,,,
CREATININA QUINASE (CK) TOTAL,,2 dia util,TUBO VERMELHO OU AMARELO,,CKTOTAL,PROVET,,,,,
CREATININA URINÁRIA,,3 dia util,TUBO VERMELHO OU AMARELO,,URICREAT,PROVET,,,,,
CULTURA BACTERIANA OFTALMOLÓGICA COMPLETA,Duas Culturas + Antibiogramas (Aeróbicas) Secreção Ocular Esquerda e Direita,7 dias uteis,SWAB COM MEIO STUART,,CULTOFTA,PROVET,,,,,
CULTURA BACTERIANA OTOLÓGICA COMPLETA,(Duas Culturas + Antibiogramas (Aeróbicas) + Secreção Otológica Esquerda e Direita,7 dias uteis,SWAB COM MEIO STUART,,CULTOTO,PROVET,,,,,
DENSIDADE URINÁRIA,,1 dia util,TUBO FALCON URINA,,DENSURI,PROVET,,,,,
DESIDROGENASE LÁCTICA (LDH),,1 dia util,TUBO VERMELHO OU AMARELO,,LDH,PROVET,,,,,
DÍMERO D,,30 dias uteis,TUBO AZUL,,DDIMERO,PROVET,,,,,
DOENÇA DE MAREK (PCR) - HERPESVIRUS,,5 dias uteis,TUBO ROXO,,MAREK,PROVET,,,,,
DOENÇA DE NEW CASTLE (PCR) - PARAMIXOVIRUS,,30 dias uteis,TUBO ROXO,,NEWPCR,PROVET,,,,,
DOENÇA DE PACHECO (PCR) - HERPESVIRUS I,,5 dias uteis,TUBO ROXO,,PACHEPCR,PROVET,,,,,
EHRLICHIA CANIS (EHRLICHIOSE) - PCR,,3 dias uteis,TUBO ROXO,,EHRPCR,PROVET,,,,,
EHRLICHIA CANIS (ELISA) - TITULAÇÃO ANTICORPOS,,3 dias uteis,TUBO ROXO OU VERMELHO,,EHRTITU,PROVET,,,,,
EHRLICHIA CANIS + ANAPLASMA PLATYS (PCR),,3 dias uteis,TUBO ROXO,,EHRANAP,PROVET,,,,,
EHRLICHIA CANIS + BABESIA SP (PCR),,3 dias uteis,TUBO ROXO,,EHBAPCR,PROVET,,,,,
EHRLICHIA CANIS + BABESIA SP + ANAPLASMA PLATYS,,3 dias uteis,TUBO ROXO,,EHBAAN,PROVET,,,,,
EHRLICHIA CANIS + BABESIA SP + BRUCELLA SP,,3 dias uteis,TUBO ROXO,Mandar no mesmo dia pra manter estabilidade do DNA.,EHRBABBRU,PROVET,,,,,
EHRLICHIA CANIS + BABESIA SP + CINOMOSE CANINA - PCR,,3 dias uteis,TUBO ROXO,Centrifugar em 30min,EHRBABCINO,PROVET,,,,,
EHRLICHIA SP (EHRLICHIOSE) - PCR,,3 dias uteis,TUBO ROXO,,EHRLSP,PROVET,,,,,
ESTIMULAÇÃO POR ACTH,,5 dias uteis,TUBO VERMELHO OU AMARELO,,ACTHREC,PROVET,,,,,
FENOBARBITAL,,5 dias uteis,TUBO VERMELHO OU AMARELO,,FENOB,PROVET,,,,,
FERRO,,1 dia util,TUBO VERMELHO OU AMARELO,,FE,PROVET,,,,,
FIBRINOGÊNIO,,1 dia util,TUBO AZUL,,FIBRIN,PROVET,,,,,
FIV + FELV - PCR REAL TIME,,3 dias uteis,TUBO ROXO,,FIVFELVP,PROVET,,,,,
FOSFATASE ALCALINA,,1 dia util,TUBO VERMELHO OU AMARELO,,FA,PROVET,,,,,
FOSFORO,,1 dia util,TUBO VERMELHO OU AMARELO,,FOSF,PROVET,,,,,
FRUTOSAMINA,,1 dia util,TUBO VERMELHO OU AMARELO (COBERTO),,FRUT,PROVET,,,,,
FUNÇÃO HEPÁTICA,TGP (ALT) + Fosfatase Alcalina,1 dia util,TUBO VERMELHO OU AMARELO,,FH,PROVET,,,,,
FUNÇÃO RENAL,Ureia + Creatinina,1 dia util,TUBO VERMELHO OU AMARELO,,FR,PROVET,,,,,
FUNÇÃO RENAL + HEPÁTICA,Ureia + Creatinina + TGP (ALT) + Fosfatase Alcalina,1 dia util,TUBO VERMELHO OU AMARELO,,FRFH,PROVET,,,,,
GAMA-GLUTAMIL TRANSFERASE (GGT),,1 dia util,TUBO VERMELHO OU AMARELO,,GGT,PROVET,,,,,
GIARDIA (ELISA),PESQUISA DE ANTIGENO NAS FEZES,1 dia util,COLETOR UNIVERSAL (FEZES),,GIARELIS,PROVET,,,,,
GLICOSE JEJUM,,1 dia util,TUBO CINZA,,GLIC,PROVET,,,,,
GLOBULINAS,,1 dia util,TUBO VERMELHO OU AMARELO,,GLOB,PROVET,,,,,
H.D.L. COLESTEROL,,1 dia util,TUBO VERMELHO OU AMARELO,,HDL,PROVET,,,,,
HEMATÓCRITO,,1 dia util,TUBO ROXO,,HT,PROVET,,,,,
HEMOGRAMA,,1 dia util,TUBO ROXO,,HEMO,PROVET,,,,,
HEMOGRAMA + FUNÇÃO HEPÁTICA,Hemograma + TGP (ALT) + Fosfatase Alcalina,1 dia util,TUBO ROXO + AMARELO OU VERMELHO,,HFH,PROVET,,,,,
HEMOGRAMA + FUNÇÃO RENAL,Hemograma + Ureia + Creatinina,1 dia util,TUBO ROXO + AMARELO OU VERMELHO,,HFR,PROVET,,,,,
HEMOGRAMA + FUNÇÃO RENAL E HEPÁTICA,Hemograma + Ureia + Creatinina + TGP (ALT) + Fosfatase Alcalina,1 dia util,TUBO ROXO + AMARELO OU VERMELHO,,HFRFH,PROVET,,,,,
HEPATOZOON CANIS - PCR,,3 dias uteis,TUBO ROXO + AMARELO OU VERMELHO,,HEPATOPC,PROVET,,,,,
HERPESVÍRUS CANINO - PCR,,3 dias uteis,TUBO ROXO,,HERPCPCR,PROVET,,,,,
HERPESVÍRUS FELINO ( RINOTRAQUEÍTE V. FELINA) - PCR,,3 dias uteis,swab da conjutiva nasal e orofaringe,,HERPFPCR,PROVET,,,,,
HISTOPATOLOGICO,,10 dias uteis,LAMINA,Não esquecer Termo de Histopatologico.,HISTO,PROVET,,,,,
LACTATO,,1 dia util,TUBO CINZA,,LAC,PROVET,,,,,
LDL COLESTEROL,,1 dia util,TUBO VERMELHO OU AMARELO,,LDL,PROVET,,,,,
LEISHMANIA SP ( LEISHMANIOSE) - IFI,,7 dias uteis,TUBO VERMELHO OU AMARELO,,LEISHIFI,PROVET,,,,,
LEISHMANIA SP ( LEISHMANIOSE) - IMUNOCROMATOGRAFIA,,1 dia util,TUBO VERMELHO OU AMARELO,,LEISELIS,PROVET,,,,,
LEISHMANIA SP ( LEISHMANIOSE) - TRANSITO INTERNACIONAL - ELISA,,1 dia util,TUBO VERMELHO OU AMARELO,,LEISHTRA,PROVET,,,,,
LEISHMANIA SP (LEISHMANIOSE) - PCR,,3 dias uteis,TUBO ROXO,,LEISHPCR,PROVET,,,,,
LEISHMANIA SP (LEISHMANIOSE) CONTROLE TRATAMENTO - PCR QUANTITATIVO,,3 dias uteis,TUBO ROXO,,LEISHCON,PROVET,,,,,
LEPTOSPIRA SP (LEPTOSPIROSE) - PCR REAL TIME,,3 dias uteis,TUBO ROXO + URINA,,LEPTOPCR,PROVET,,,,,
LEPTOSPIRA SP + BRUCELLA SP - PCR,,3 dias uteis,TUBO ROXO + URINA,Mandar no mesmo dia pra manter estabilidade do DNA.,LEPBRUC,PROVET,,,,,
LEUCEMIA V. FELINA ( FELV) E IMUNO. V. FELINA ( FIV) - ELISA,,1 dia util,TUBO VERMELHO OU AMARELO,Centrifugar em 30min,FIVFELV,PROVET,,,,,
LEUCEMIA VIRAL FELINA (FELV) - IF,,30 dias uteis,TUBO VERMELHO OU AMARELO,,FELVIFI,PROVET,,,,,
LEUCEMIA VIRAL FELINA (FELV) - PCR REAL TIME,,3 dias uteis,TUBO ROXO,,FELVPCR,PROVET,,,,,
LIPASE,,1 dia util,TUBO VERMELHO OU AMARELO,,LIPASE,PROVET,,,,,
"LIPASE PANCREATICA ESPECIFICA CANINO - SPEC CANINO (PLI, CPL) - QUANTITATIIVO",,1 dia util,TUBO VERMELHO OU AMARELO,,SPEC,PROVET,,,,,
MAGNÉSIO,,1 dia util,TUBO VERMELHO OU AMARELO,,MG,PROVET,,,,,
MYCOPLASMA FELIS - PCR,,3 dias uteis,SWAB NASAL E FARINGEO,,MYCFELPC,PROVET,,,,,
MYCOPLASMA HAEMOCANIS - PCR,,3 dias uteis,TUBO ROXO,,MYCOCANP,PROVET,,,,,
MYCOPLASMA HAEMOFELIS (HAEMOBARTONELLA FELIS ) - PCR,,3 dias uteis,TUBO ROXO,,MYCOPCR,PROVET,,,,,
MYCOPLASMA SP - PCR (FELINOS E OUTROS),,3 dias uteis,TUBO ROXO,,MYCOFELP,PROVET,,,,,
NEOSPORA CANINUM - PCR,,3 dias uteis,TUBO ROXO,,NEOSPCR,PROVET,,,,,
PAINEL DOENÇAS NEUROLÓGICAS CANINO (PCR),Bartonella sp + Borelia burgdorferi + Blastomyces dermatidis + Cinomose + Coccidioides sp + Cryptococcus sp + Histoplasma capsulatum + Neospora caninum + Toxoplasma gondii + West Nile,,,,PNEUCPCR,PROVET,,,,,
PAINEL ABORTIVO CANINO (PCR REAL TIME),Brucella sp + Campylobacter jejuni + cinomose + Herpesvirus canino + Leptospira sp + Leishmania sp +Neospora caninum + Parvovirus canino + Salmonella sp + Toxoplasma gondii - PCR,3 dias uteis,TUBO ROXO,Mandar no mesmo dia pra manter estabilidade do DNA.,PABOPCR,PROVET,,,,,
PAINEL DE COAGULAÇÃO COMPLETO,Tempo de Tromboplastina Parcial Ativada (TTPA) + Tempo de Protrombina (TP) + Tempo de Trombina (TT) + Tempo de Coagulação (TC),1 dia util,2 TUBO AZUL,Centrifugar em 30min,PCOACOM,PROVET,,,,,
PAINEL DE COAGULAÇÃO REDUZIDO,Tempo de Tromboplastina Parcial Ativada (TTPA) + Tempo de Protrombina (TP) + Fibrinogênio,1 dia util,2 TUBO AZUL,,PCORED,PROVET,,,,,
PAINEL DOENÇAS ANEMIANTES CANINO (PCR),"Anaplasma platys, Babesia sp, Bartonella sp, Candidatus mycoplasma haematoparvum, Ehrlichia canis, Hepatozoon canis, Leishmania, Mycoplasma haemocanis, Neorickettsia rickettsii, Rangelia vitalli e Rickettsia sp",3 dias uteis,TUBO ROXO,Se não processar em 24h congelar amostra!,PANCPCR,PROVET,,,,,
PAINEL DOENÇAS ANEMIANTES FELINO (PCR),"Anaplasma sp, Bartonella sp",3 dias uteis,TUBO ROXO,,PANFPCR,PROVET,,,,,
PAINEL HEMOPARASITAS CANINO - PCR,"Anaplasma platys, Babesia sp, Ehrlichia canis e Rangelia vitalli",3 dias uteis,TUBO ROXO,,PHEMOPA,PROVET,,,,,
PAINEL HEPÁTICO FELINOS," Fosfatase Alcalina + Gama Glutamil Transferase (GGT) +
Proteína Total e Frações + TGP (ALT) + TGO (AST)",1 dia util,TUBO VERMELHO OU AMARELO,,PHFEL,PROVET,,,,,
PARASITOLÓGICO DE FEZES (COMPLETO),,1 dia util,COLETOR UNIVERSAL (FEZES),,PARAS,PROVET,,,,,
PARATORMÔNIO (PTH),,30 dias uteis,TUBO ROXO,,PTH,PROVET,,,,,
PARVOVIRUS CANINO - PCR,PARVOVIROSE,3 dias uteis,FEZES,,PARVOPCR,PROVET,,,,,
PARVOVIRUS FELINO - PCR,PANLEUCOPENIA VIRAL FELINA,3 dias uteis,FEZES,,PANLEUPC,PROVET,,,,,
PERFIL TRADICIONAL FELINO,HEMOGRAMA + UREIA + CREATININA + ALT + FA+ PT + ALBUMINA + GGT + AST,1 dia util,1 ROXO + 1 VERMELHO,,,PROVET,,,,,
PERFIL CRITICO VEROS,HEMOGRAMA + ALT + FA + UREIA+ CREATININA + ALBUMINA + PROTEÍNAS TOTAIS + BILI TOTAL E FRAÇÕES,1 dia util,1 ROXO + 1 VERMELHO,Tampar Tubo vermelho com Coban/Vetrap,PCRIVER,PROVET,,,,,
PERFIL ADRENAL COMPLETO,Supressão à Dexametasona (Duas Dosagens) ou Estimulação por ACTH + TGP (ALT) + Sódio + Fosfatase Alcalina + Potássio + Colesterol + Triglicérides + Glicose,5 dias uteis,1 ROXO + 1 VERMELHO + 1 CINZA,,PADRCOM,PROVET,,,,,
PERFIL ANIMAL ICTÉRICO,Bilirrubinas Totais e Frações (D+I) + Pesquisa de Hematozoários + TGP (ALT) + Fosfatase Alcalina + Gama Glutamil Transferase (GGT) + Creatinina + Hemograma,1 dia util,1 ROXO + 1 VERMELHO,Tampar Tubo vermelho com Coban/Vetrap,PAICT,PROVET,,,,,
PERFIL VEROS TRADICIONAL,Hemograma + Ureia + Creatinina + TGP (ALT) + Fosfatase Alcalina + PT + Albumina,1 dia util,1 ROXO + 1 VERMELHO,,PBVEROS,PROVET,,,,,
PERFIL BÁSICO,Hemograma + Urina I + Parasitológico de Fezes (Completo),1 dia util,1 ROXO + 1 FALCON + 1 COLETOR UNIVERSAL,,PBASICO,PROVET,,,,,
PERFIL BIOQUÍMICO COMPLETO,TGP (ALT) + TGO (AST) + Fosfatase Alcalina + Bilirrubinas Totais e Frações (D+I) + Glicose + Amilase + Proteína Total (Albumina + Globulina) + Ureia + Creatinina + Colesterol + Cálcio Total + Fósforo + Sódio + Potássio + Cloretos + GGT + Triglicérides,1 dia util,TUBO VERMELHO OU AMARELO,Tampar Tubo vermelho com Coban/Vetrap,PBIOQCOM,PROVET,,,,,
PERFIL BIOQUÍMICO REDUZIDO,TGP (ALT) + Glicose + Ureia + Creatinina + Fosfatase Alcalina + Sódio + Potássio,1 dia util,TUBO VERMELHO OU AMARELO,,PBIOQRED,PROVET,,,,,
PERFIL CARDIOLÓGICO,Hemograma + Ureia + Creatinina + TGP (ALT) + Fosfatase Alcalina + Urina I + Sódio + Potássio,1 dia util,1 ROXO + 1 VERMELHO,,PCARD,PROVET,,,,,
PERFIL COMPLETO VEROS,"Hemog., ALT, AST, FA, uréia, creatinina, albumina, prot. totais, glicose, trigl., colest., Na, K, Cl, Cai, P",1 dia util,1 ROXO + 1 VERMELHO + 1 CINZA,,PCOVEROS,PROVET,,,,,
PERFIL ELETROLÍTICO,Cálcio Total + Fósforo + Sódio + Potássio + Cloretos,1 dia util,TUBO VERMELHO OU AMARELO,,PELETRO,PROVET,,,,,
PERFIL GERAL,"Hemograma + Urina I + Ureia + Creatinina + TGP (ALT) +
Fosfatase Alcalina + Glicose + Parasitológico de Fezes Completo",1 dia util,1 ROXO + 1 VERMELHO + 1 CINZA + 1 FALCON + 1 COLETOR UNIVERSAL,,PGERAL,PROVET,,,,,
PERFIL HEMOPARASITOSE CANINA COMPLETO,Hemograma Completo + Babesia sp (PCR) + Ehrlichia canis (PCR) + Sorologia Babesia canis (ELISA) + Ehrlichia canis (ELISA titulação),10 dias uteis,1 ROXO + 1 VERMELHO,,PHEMCOM,PROVET,,,,,
PERFIL HEMOPARASITOSE CANINA REDUZIDO,Hemograma Completo + Ehrlichia canis (ELISA titulação) + Babesia sp (PCR),3 dias uteis,1 ROXO + 1 VERMELHO,,PHEMRED,PROVET,,,,,
PERFIL HEPÁTICO COMPLETO,Bilirrubinas Totais e Frações (D+I) + Proteína Total (Albumina + Globulina) + Glicose + TGO (AST) + TGP (ALT) + Fosfatase Alcalina + Gama Glutamil Transferase (GGT),1 dia util,1 VERMELHO COBERTO + 1 CINZA,Tampar Tubo vermelho com Coban/Vetrap,PHEPCOM,PROVET,,,,,
PERFIL HEPÁTICO REDUZIDO,TGP (ALT) + Fosfatase Alcalina + Bilirrubinas Totais e Frações (D+I) + Proteína Total (Albumina + Globulina),1 dia util,TUBO VERMELHO OU AMARELO,Tampar Tubo vermelho com Coban/Vetrap,PHEPRED,PROVET,,,,,
PERFIL HORMONAL,T4 + TSH + Cortisol + Progesterona + Estradiol + Testosterona,5 dias uteis,TUBO VERMELHO OU AMARELO,,PHORMON,PROVET,,,,,
PERFIL INFECCIOSO FELINO,"Hemograma + Pesquisa de Hematozoários + Parasitológico de Fezes (Completo) + Leucemia Viral Felina (FeLV) +
Imunodeficiência Viral Felina (FIV) + Sorologia Coronavírus
Felino (Entérico/PIF)  KELA + Toxoplasmose gondii (Toxoplasmose) - HA",30 dias uteis,1 ROXO + 1 VERMELHO,,PINFEL,PROVET,,,,,
PERFIL NEUROLÓGICO SOROLÓGICO,Toxoplasma gondii (IFI) + Neospera caninum (IFI) + Criptococcus sp (ELISA),10 dias uteis,TUBO VERMELHO OU AMARELO,,PNEUSOR,PROVET,,,,,
PERFIL PARASITOLÓGICO DE FEZES COMPLETO (3 AMOSTRAS SERIADAS),,3 dias uteis,COLETOR UNIVERSAL (3 DIAS SERIADOS),Lançar cada amostra de acordo.,PPARCOM,PROVET,,,,,
PERFIL PRÉ ANESTÉSICO SENIL,"Hemograma + Urina I + Creatinina + TGP (ALT) + Fosfatase Alcalina + Glicose + Tempo de Protrombina (TP) + Tempo
de Tromboplastina Parcial Ativada (TTPA) + Fibrinogênio",1 dia util,1 ROXO + 1 VERMELHO + 1 CINZA + 1 FALCON + 2 AZUL,"Centrifugar a amostra do Tubo azul  e separar plasma em eppendorf, congelar no metodo picolé. ",PASEN,PROVET,,,,,
PERFIL PROVET,"Hemograma + Urina I + Parasitológico de Fezes (Completo) +
TGP (ALT) + Fosfatase Alcalina + Ureia + Creatinina + Glicose +
Colesterol + Sódio + Potássio + Cálcio Total + Fósforo +
T4 + Triglicérides",5 dias uteis,1 ROXO + 1 VERMELHO + 1 CINZA + 1 FALCON + 1 COLETOR UNIVERSAL,,PPROVET,PROVET,,,,,
PERFIL RENAL REDUZIDO,Urina I + Ureia + Fósforo + Creatinina,1 dia util,1 FALCON + 1 VERMELHO,,PRENRED,PROVET,,,,,
PERFIL SENIL,"Hemograma + Urina I + Ureia + Fosfatase Alcalina +
Creatinina + TGP (ALT) + Glicose + T4",5 dias uteis,1 ROXO + 1 VERMELHO + 1 CINZA + 1 FALCON,Inform metodo de coleta de Urina.,PSENIL,PROVET,,,,,
PERFIL TIREOIDEANO REDUZIDO,T3T + T4T + T4 Livre por Diálise + T.S.H. + Colesterol + Triglicérides,5 dias uteis,TUBO VERMELHO OU AMARELO,,PTIREO,PROVET,,,,,
PERFIL TIREOIDEANO COMPLETO,T3T + T4T + T4 Livre por Diálise + T.S.H. + Colesterol + Triglicérides + Autoanticorpo Anti Tireoglobulinas,30 dias uteis,TUBO VERMELHO OU AMARELO,,PTIREOIC,PROVET,,,,,
PERFIL UTI,"Hemograma + Ureia + Creatinina + TGP (ALT) + Fosfatase
Alcalina + Potássio",1 dia util,1 ROXO + 1 VERMELHO,,PUTI,PROVET,,,,,
PESQUISA DE MICROFILÁRIAS,,1 dia util,TUBO ROXO,,MICROFI,PROVET,,,,,
POTÁSSIO,,1 dia util,TUBO VERMELHO OU AMARELO,,K,PROVET,,,,,
PROTEÍNA C REATIVA - CANINO,,3 dias uteis,TUBO VERMELHO OU AMARELO,,PCREAT,PROVET,,,,,
RANGELIA VITALLI (RANGELIOSE) - PCR,,3 dias uteis,TUBO ROXO,,RANGE,PROVET,,,,,
RELAÇÃO PROTEÍNA - CREATININA URINÁRIA,,1 dia util,TUBO FALCON URINA,,PUPC,PROVET,,,,,
SDMA (DIMETILARGININA SIMÉTRICA),,1 dia util,TUBO VERMELHO OU AMARELO,,SDMA,PROVET,,,,,
SÓDIO,,1 dia util,TUBO VERMELHO OU AMARELO,,NA,PROVET,,,,,
SOROLOGIA BABESIA CANIS (ELISA) - ANTICORPOS,,3 dias uteis,TUBO VERMELHO OU AMARELO,,BABELISA,PROVET,,,,,
SOROLOGIA DE RAIVA - TRÂNSITO INTERNACIONAL,,60 dias uteis,TUBO VERMELHO OU AMARELO,,RAIVAJAP,PROVET,,,,,
SOROLOGIA PARA BARTONELLA SP (IFI),,30 dias uteis,TUBO VERMELHO OU AMARELO,,BARIFI,PROVET,,,,,
SOROLOGIA PARA EHRLICHIA CANIS (IFI) - TRÂNSITO INTERNACIONAL,,30 dias uteis,TUBO VERMELHO OU AMARELO,Para Transito Internacional!,EHRLIFI,PROVET,,,,,
TEMPO DA TROMBOPLASTINA PARCIAL ATIVADA (TTPA),,1 dia util,2 TUBO AZUL,"Centrifugar a amostra e separar plasma em eppendorf, congelar no metodo picolé. ",TTPA,PROVET,,,,,
TEMPO DE PROTOMBINA (TP),,1 dia util,2 TUBO AZUL,"Centrifugar a amostra e separar plasma em eppendorf, congelar no metodo picolé. ",0**,PROVET,,,,,
TESTE ELISA QUÁDRUPLO,"EHRLICHIA, ANAPLASMA, LYME, DIROFILARIA",1 dia util,TUBO ROXO,,0+,PROVET,,,,,
TESTE DE MUTAÇÃO DO GENE BRAF,,3 dias uteis,TUBO FALCON URINA,Lavar a bexiga antes de fazer a coleta!,BRAF,PROVET,,,,,
TIROXINA ( T4 ),,5 dias uteis,TUBO VERMELHO OU AMARELO,,T4,PROVET,,,,,
T3 + T4 + T4 LIVRE POR DIALISE + T.S.H,,5 dias uteis,TUBO VERMELHO OU AMARELO,,PTISCOL,PROVET,,,,,
TSH,,5 dias uteis,TUBO VERMELHO OU AMARELO,,TSH,PROVET,,,,,
URÉIA,,1 dia util,TUBO VERMELHO OU AMARELO,,UR,PROVET,,,,,
URINA I,,1 dia util,TUBO FALCON URINA,Identificar Metodo de coleta da Urina.,URINA,PROVET,,,,,
URINA I + FUNÇÃO HEPÁTICA,Urina I + TGP (ALT) + Fosfatase Alcalina,1 dia util,1 FALCON + 1 VERMELHO,Identificar Metodo de coleta da Urina.,UFH,PROVET,,,,,
URINA I + FUNÇÃO RENAL,Urina I + Ureia + Creatinina,1 dia util,1 FALCON + 1 VERMELHO,Identificar Metodo de coleta da Urina.,UFR,PROVET,,,,,
URINA I + FUNÇÃO RENAL E HEPÁTICA,Urina I + Ureia + Creatinina + TGP (ALT) + Fosfatase Alcalina,1 dia util,1 FALCON + 1 VERMELHO,Identificar Metodo de coleta da Urina.,UFRFH,PROVET,,,,,
VITAMINA B12 (COBALAMINA),,5 dias uteis,TUBO VERMELHO OU AMARELO (COBERTO),Tampar Tubo vermelho com Coban/Vetrap,VITB12,PROVET,,,,,
VITAMINA B12 + ÁCIDO FOLICO,,5 dias uteis,TUBO VERMELHO OU AMARELO (COBERTO),Tampar Tubo vermelho com Coban/Vetrap,VITBFOL,PROVET,,,,,
VITAMINA D3 (25-OH) - CALCIDIOL,,30 dias uteis,TUBO VERMELHO OU AMARELO (COBERTO),Tampar Tubo vermelho com Coban/Vetrap,VITD,PROVET,,,,,n
TROMBOELASTOGRAMA (ROTEM),,1h30,TUBO AZUL DE CITRATO (2),Informar o laboratório 30min antes da coleta! Não ultrapassar marca do tubo!,ROTEM,INTERNO,,,,,
TESTE DE COMPATIBILIDADE,,2h,TUBO ROXO,Informar Peso do animal.,,INTERNO,,,,,
TESTE DE COMPATIBILIDADE +TIPAGEM,,2h,TUBO ROXO,Informar Peso do animal.,,INTERNO,,,,,
COLORAÇÃO GRAM,EXAME BACTERIOSCOPICO,45min,SECREÇÕES/FERIDA/ABCESSO: SWAB STÉRIL E LAMINA,"Fazer esfregaço e deixar secar, após seco fixar com calor (Passar a chama 3 vezes bem rapidamente pela parte de baixo da lamina - o esfregaço fica virado para cima)",GRAM,INTERNO,,,,,
,,,EFUSOES CAVITÁRIAS/URINA/LIQUIDO ARTICULAR: TUBO ROXO,,,,,,,,
CHEM 10,"ALBUMINA, FOSFATASE ALCALINA, ALT, UREIA, CREATINA, GLOBULINAS, GLICOSE, PROTEÍNAS TOTAIS",10 minutos,EDTA + PANELINHA IDEXX,"É possível usar tubo vermelho, mas demora mais pelo tempo de centrifugação.",CHEM 10,INTERNO - IDEXX,,,,,
CHEM 17,"ALBUMINA, FOSFATASE ALCALINA, ALT, AMILASE, UREIA, CREATINA, CÁLCIO TOTAL, COLESTEROL, GGT, GLOBULINAS, GLICOSE, BILIRRUBINA TOTAL, PROTEÍNAS TOTAIS",10 minutos,EDTA + PANELINHA IDEXX,"É possível usar tubo vermelho, mas demora mais pelo tempo de centrifugação.",CHEM 17,INTERNO - IDEXX,,,,,
TP + TTPA,TEMPO DE PROTROMBINA + TEMPO DE TROMBOPLASTINA PARCIAL ATIVADA,10 minutos,TUBO AZUL DE CITRATO,Preencher até a linha e enviar assim que coletar.,TP + TTPA,INTERNO - IDEXX,,,,,
SNAP PARVO,,45min,AMOSTRA DE FEZES,"Teste SNAP precisa ficar 30min fora da geladeira, avise o tutor da espera. ",,INTERNO - IDEXX,,,,,
SNAP GIARDIA,,45 min,AMOSTRA DE FEZES,"Teste SNAP precisa ficar 30min fora da geladeira, avise o tutor da espera. ",,INTERNO - IDEXX,,,,,
TESTE DE CINOMOSE,,20min,Sangue (EDTA ou SECO) + Urina e/ou secreção nasal/conjuntiva.,Idealmente fazer com pool de amostras (Amostras de locais diferentes no mesmo teste),,INTERNO - IDEXX,,,,,
COMBS,,7 dias úteis,SANGUE EM TUBO EDTA (TAMPA ROXA),"Normalmente sai no mesmo dia, mas oficialmente são 7 dias! ",,HAMA,,,,,
TESTE DE AGLUTINAÇÃO EM SALINA,,1 dia util,SANGUE EM TUBO EDTA (TAMPA ROXA),Amostras lipêmicas e/ou hemolisadas podem gerar resultados não fidedignos.,,HAMA,,,,,
LEISHMANIOSE CANINA - ELISA,,3 dias úteis,TUBO VERMELHO OU AMARELO,,,TECSA,,,,,
LEISHMANIOSE CANINA - ELISA + REFI COM DILUICAO TOTAL,,5 dias úteis,TUBO VERMELHO OU AMARELO,Enviar à temperatura entre 2 e 8ºC até 4 dias após a coleta.,,TECSA,,,,,
ELISA ESPOROTRICOSE - SOROLOGIA - TITULACAO,,8 dias úteis,TUBO VERMELHO OU AMARELO,,,TECSA,,,,,
TITULAÇÃO DE ANTICORPOS NEATRALIZANTES PARA RAIVA,MÉTODO FAVN,10 dias úteis,EDTA,"Prencher requisiçao Específica de Raiva, precisa er assinada e Carimbada! Centrigufar e colocar soro em tubo branco e refrigerar! ",,TECSA,,,,,
TESTE DE ALERGIA ALIMENTAR,,10 dias úteis,TUBO VERMELHO OU AMARELO,,,TECSA,,,,,
PERFIL ALERGENOS AMBIENTAIS E ALIMENTARES CAN OU FEL,Método ELISA,10 dias úteis,TUBO VERMELHO OU AMARELO,,,TECSA,,,,,
SANIMVET - IMUNOCROMATOGRAFIA - TESTE 1 DE COMPAT,,,,,,SANIMVET,,,,,
URINA TIPO I COM UROCULTURA E ANTIBIOGRAMA,,1 à 6 dias úteis,URINA EM TUBO FALCON,,,ALCHEMYPET,,,,,
URINA TIPO I,,2 dias uteis,URINA EM TUBO FALCON,,,ALCHEMYPET,,,,,
RELACAO PROTEINA/ CREATINA URINARIA,,2 dias uteis,URINA EM TUBO FALCON,,,ALCHEMYPET,,,,,
ANALISE CISTALOGRAFICA DE CALCULO,,20 a 25 dias,TUBO BRANCO (SE MUITO GRANDE COLETOR UNIVERSAL),"Preencer formulário LITOLAB , enviar por SEDEX.",,LITOLAB,,,,,
PAINEL DE DISBIOSE,"Quantificação fecal por q-PCR de: Bactérias Totais, Clostridium hiranonis, E. coli, Faecalibacterium, Streptococcus, Turicibacter, Blautia, Fusobacterium",10 dias úteis,FEZES COLETOR UNIVERSAL,,,STONEWELL,,,,,
ÍNDICE DE DISBIOSE,"Quantificação fecal por q-PCR de: Bactérias Totais, C. hiranonis, E. coli, Faecalibacterium, Streptococcus, Turicibacter, Bacteroides, Bifidobacterium + Indice",30 dias úteis,FEZES COLETOR UNIVERSAL,Exame é realizado nos Estados Unidos.,,STONEWELL,,,,,